{
  "tngr.nano.mask.close": {
    "category": "player",
    "sounds": [
      "nano_mask_close"
    ]
  },
  "tngr.nano.mask.close.short": {
    "category": "player",
    "sounds": [
      "nano_mask_close_short"
    ]
  },
  "tngr.nano.mask.open": {
    "category": "player",
    "sounds": [
      "nano_mask_open"
    ]
  },
  "tngr.nano.mask.open.short": {
    "category": "player",
    "sounds": [
      "nano_mask_open_short"
    ]
  },
    
    "tngr.dm.a": {
        "category": "player",
        "sounds": [
            "d_m_a"
        ]
    },
    "tngr.dm.d": {
        "category": "player",
        "sounds": [
            "d_m_d"
        ]
    }
}
