{
  "tngr.nano.mask.close": {
    "category": "player",
    "sounds": [
      "nano_mask_close"
    ]
  },
  "tngr.nano.mask.close.short": {
    "category": "player",
    "sounds": [
      "nano_mask_close_short"
    ]
  },
  "symbiote.transformation": {
    "sounds": [
       "symbiote_transformation"
    ]
  },
  "cold.breath": {
    "sounds": [
       "breath"
    ],
    "category": "player"
  },
  "sonic.boom": {
    "sounds": [
      "sonic_boom"
    ],
    "category": "player"
  },
  "landing": {
    "sounds": [
      "landing_1"
    ],
    "category": "player"
  },
  "armory.backpack": {
    "sounds": [
      "iron_man_backpack"
    ],
    "category": "player"
  },
  "armory.backpack2": {
    "sounds": [
      "iron_man_backpack2"
    ],
    "category": "player"
  },
  "tngr.tardis.flight.loop": {
    "category": "player",
    "sounds": [
      "tardis_flight_loop"
    ]
  },
  "tngr.tardis.flight.enable": {
    "category": "player",
    "sounds": [
      "tardis_flight_enable"
    ]
  },
  "tngr.nano.mask.open": {
    "category": "player",
    "sounds": [
      "nano_mask_open"
    ]
  },
  "tngr.nano.mask.open.short": {
    "category": "player",
    "sounds": [
      "nano_mask_open_short"
    ]
  },
  "tngr.rebreather.enable": {
    "category": "player",
    "sounds": [
      "rebreather_start"
    ]
  },
  "tngr.rebreather.disable": {
    "category": "player",
    "sounds": [
      "rebreather_stop"
    ]
  },
"batbelt.on": {
  "category": "player",
    "sounds": [
      "batbelt"
    ]
},
  "unibeam_shoot": {
		"sounds": [
			"unibeam_shoot"
		],
		"category": "player"
	},
	"unibeam_enable": {
		"sounds": [
			"unibeam_charge"
		],
		"category": "player"
	},
  "backpack_enable": {
    "sounds": [
      "backpack_enable"
    ],
    "category": "player"
  },
  "backpack_disable": {
    "sounds": [
      "backpack_disable"
    ],
    "category": "player"
  },
  "waldo_enable": {
    "sounds": [
      "waldo_enable"
    ],
    "category": "player"
  },
  "waldo_disable": {
    "sounds": [
      "waldo_disable"
    ],
    "category": "player"
  },
  "escrima_start": {
    "sounds": [
      "escrima_start"
    ]
  },
  "escrima_loop": {
    "sounds": [
      "escrima_static_loop"
    ]
  },
  "escrima_stop": {
    "sounds": [
      "escrima_stop"
    ]
  },
    "tngr.dm.a": {
        "category": "player",
        "sounds": [
            "d_m_a"
        ]
    },
    "tngr.dm.d": {
        "category": "player",
        "sounds": [
            "d_m_d"
        ]
      },
        "extremis.disable": {
        "category": "player",
        "sounds": [
            "extremis_disable"
        ]
    },
    "extremis.enable": {
        "category": "player",
        "sounds": [
            "extremis_enable"
        ]
    },
    "sound_barrier": {
        "category": "player",
        "sounds": [
            "sound_barrier"
        ]
    },
    "repulsor.aim_1": {
        "category": "player",
        "sounds": [
            "repulsor_aim_1"
        ]
    },
    "repulsor.aim_2": {
        "category": "player",
        "sounds": [
            "repulsor_aim_2"
        ]
    },
    "repulsor.aim_3": {
        "category": "player",
        "sounds": [
            "repulsor_aim_3"
        ]
    },
    "repulsor.shoot_1": {
        "category": "player",
        "sounds": [
            "repulsor_shoot_1"
        ]
    },
    "repulsor.shoot_2": {
        "category": "player",
        "sounds": [
            "repulsor_shoot_2"
        ]
    },
    "repulsor.shoot_3": {
        "category": "player",
        "sounds": [
            "repulsor_shoot_3"
        ]
    },
    "unibeam.charge_1": {
        "category": "player",
        "sounds": [
            "unibeam_charge_1"
        ]
    },
    "unibeam.charge_2": {
        "category": "player",
        "sounds": [
            "unibeam_charge_2"
        ]
    },
    "unibeam.charge_3": {
        "category": "player",
        "sounds": [
            "unibeam_charge_3"
        ]
    },
    "unibeam.loop": {
        "category": "player",
        "sounds": [
            "unibeam_loop"
        ]
    },
    "arm_vortex": {
        "category": "player",
        "sounds": [
            "arm_vortex"
        ]
    },
    "flash_punch": {
        "category": "player",
        "sounds": [
            "flash_punch"
        ]
    },
    "electro_charge": {
        "category": "player",
        "sounds": [
            "electro_charge"
        ]
    },
    "electro_flight": {
        "category": "player",
        "sounds": [
            "electro_flight"

        ]
    },
    "electro_blast": {
        "category": "player",
        "sounds": [
            "electro_blast"

        ]
    },
    "electro_beam": {
        "category": "player",
        "sounds": [
            "electro_beam"

        ]
    },
    "lightning_spell": {
        "category": "player",
        "sounds": [
            "lightning_spell"


        ]
    },
    "suit.wolverine_xmen.claws.enable": {
        "category": "player",
        "sounds": [
            "claws_enable"
        ]
    },
    "suit.wolverine_xmen.claws.disable": {
        "category": "player",
        "sounds": [
            "claws_disable"
        ]
    },
    "suit.wolverine_xmen.claws.slash": {
        "category": "player",
        "sounds": [
            "slash_1",
            "slash_2"
        ]
    },
    "electro_lightning": {
        "category": "player",
        "sounds": [
            "electro_lightning"


        ]
    },
    "lantern_aim": {
        "category": "player",
        "sounds": [
            "lantern_aim"
        ]
    },
    "lantern_beam": {
        "category": "player",
        "sounds": [
            "lantern_beam"
        ]
    },
    "laser_gun": {
        "category": "player",
        "sounds": [
            "laser_gun"
        ]
    }
}
