{
    "tngreborn.nano.mask.close": {
        "category": "player",
        "sounds": [
          "nano_mask_close"
        ]
      },
      "tngreborneborn.nano.mask.close.short": {
        "category": "player",
        "sounds": [
          "nano_mask_close_short"
        ]
      },
      "tngreborn.nano.mask.open": {
        "category": "player",
        "sounds": [
          "nano_mask_open"
        ]
      },
      "tngreborn.nano.mask.open.short": {
        "category": "player",
        "sounds": [
          "nano_mask_open_short"
        ]
      },
    
    "tngreborn.dm.a": {
        "category": "player",
        "sounds": [
            "d_m_a"
        ]
    },
    "tngreborn.dm.d": {
        "category": "player",
        "sounds": [
            "d_m_d"
        ]
    }
}
