{
  "main.cannonspike": {
    "sounds": [
      "cannonspike"
    ],
    "category": "player"
  },
  "main.hydroheat": {
    "sounds": [
      "hydroheat"
    ],
    "category": "player"
  },
  "main.spikeform": {
    "sounds": [
      "spikeform"
    ],
    "category": "player"
  },
  "suit.sword": {
    "sounds": [
      "sword"
    ],
    "category": "player"
  },
  "main.sword_on": {
    "sounds": [
      "sword_on"
    ],
    "category": "player"
  },
  "main.sword_off": {
    "sounds": [
      "sword_off"
    ],
    "category": "player"
  },
  "For_the_glory_of_Merlin_Daylight_is_mine_to_command_": {
    "sounds": [
      "For_the_Glory"
    ],
    "category": "player"
  },
  "main.For_the_Doom_of_Gunmar_Eclipse_is_Mine_to_Command!": {
    "sounds": [
      "For_the_Doom_of_Gunmar_Eclipse_is_Mine_to_Command!"
    ],
    "category": "player"
  },
  "main.daylight_untransform": {
    "sounds": [
      "daylight_untransform"
    ],
    "category": "player"
  },
  "main.superucus": {
    "sounds": [
      "superucus"
    ],
    "category": "player"
  },
  "main.cannon": {
    "sounds": [
      "cannon"
    ],
    "category": "player"
  },
  "main.titan": {
    "sounds": [
      "titan"
    ],
    "category": "player"
  },
  "main.spike": {
    "sounds": [
      "spike"
    ],
    "category": "player"
  },
  "main.nova": {
    "sounds": [
      "nova",
      "nova2"
    ],
    "category": "player"
  },
  "main.clone": {
    "sounds": [
      "clone"
    ],
    "category": "player"
  },
  "main.exostrenght": {
    "sounds": [
      "exostrenght"
    ],
    "category": "player"
  },
  "main.annihilation": {
    "sounds": [
      "annihilation"
    ],
    "category": "player"
  },
  "main.heat": {
    "sounds": [
      "heat"
    ],
    "category": "player"
  },
  "main.rocket": {
    "sounds": [
      "rocket"
    ],
    "category": "player"
  },
  "main.turbo_energy": {
    "sounds": [
      "turbo_energy"
    ],
    "category": "player"
  },
  "main.scuba": {
    "sounds": [
      "scuba"
    ],
    "category": "player"
  },
  "main.speed": {
    "sounds": [
      "speed"
    ],
    "category": "player"
  },
  "main.ghost": {
    "sounds": [
      "ghost"
    ],
    "category": "player"
  },
  "main.energy": {
    "sounds": [
      "energy"
    ],
    "category": "player"
  },
  "main.fly": {
    "sounds": [
      "fly"
    ],
    "category": "player"
  },
  "main.power": {
    "sounds": [
      "power"
    ],
    "category": "player"
    }
  }
