{
  "tngr.nano.mask.close": {
    "category": "player",
    "sounds": [
      "nano_mask_close"
    ]
  },
  "tngr.nano.mask.close.short": {
    "category": "player",
    "sounds": [
      "nano_mask_close_short"
    ]
  },
  "symbiote.transformation": {
    "sounds": [
       "symbiote_transformation"
    ]
  },
  "cold.breath": {
    "sounds": [
       "breath"
    ],
    "category": "player"
  },
  "sonic.boom": {
    "sounds": [
      "sonic_boom"
    ],
    "category": "player"
  },
  "landing": {
    "sounds": [
      "landing_1"
    ],
    "category": "player"
  },
  "armory.backpack": {
    "sounds": [
      "iron_man_backpack"
    ],
    "category": "player"
  },
  "armory.backpack2": {
    "sounds": [
      "iron_man_backpack2"
    ],
    "category": "player"
  },
  "tngr.tardis.flight.loop": {
    "category": "player",
    "sounds": [
      "tardis_flight_loop"
    ]
  },
  "tngr.tardis.flight.enable": {
    "category": "player",
    "sounds": [
      "tardis_flight_enable"
    ]
  },
  "tngr.nano.mask.open": {
    "category": "player",
    "sounds": [
      "nano_mask_open"
    ]
  },
  "tngr.nano.mask.open.short": {
    "category": "player",
    "sounds": [
      "nano_mask_open_short"
    ]
  },
  "tngr.rebreather.enable": {
    "category": "player",
    "sounds": [
      "rebreather_start"
    ]
  },
  "tngr.rebreather.disable": {
    "category": "player",
    "sounds": [
      "rebreather_stop"
    ]
  },
  "unibeam_shoot": {
		"sounds": [
			"unibeam_shoot"
		],
		"category": "player"
	},
	"unibeam_enable": {
		"sounds": [
			"unibeam_charge"
		],
		"category": "player"
	},
  "backpack_enable": {
    "sounds": [
      "backpack_enable"
    ],
    "category": "player"
  },
  "backpack_disable": {
    "sounds": [
      "backpack_disable"
    ],
    "category": "player"
  },
  "waldo_enable": {
    "sounds": [
      "waldo_enable"
    ],
    "category": "player"
  },
  "waldo_disable": {
    "sounds": [
      "waldo_disable"
    ],
    "category": "player"
  },
  "escrima_start": {
    "sounds": [
      "escrima_start"
    ]
  },
  "escrima_loop": {
    "sounds": [
      "escrima_static_loop"
    ]
  },
  "escrima_stop": {
    "sounds": [
      "escrima_stop"
    ]
  },
    "tngr.dm.a": {
        "category": "player",
        "sounds": [
            "d_m_a"
        ]
    },
    "tngr.dm.d": {
        "category": "player",
        "sounds": [
            "d_m_d"
        ]
    }
}
