{
  "tngr.nano.mask.close": {
    "category": "player",
    "sounds": [
      "nano_mask_close"
    ]
  },
  "tngr.nano.mask.close.short": {
    "category": "player",
    "sounds": [
      "nano_mask_close_short"
    ]
  },
  "tngr.tardis.flight.loop": {
    "category": "player",
    "sounds": [
      "tardis_flight_loop"
    ]
  },
  "tngr.tardis.flight.enable": {
    "category": "player",
    "sounds": [
      "tardis_flight_enable"
    ]
  },
  "tngr.nano.mask.open": {
    "category": "player",
    "sounds": [
      "nano_mask_open"
    ]
  },
  "tngr.nano.mask.open.short": {
    "category": "player",
    "sounds": [
      "nano_mask_open_short"
    ]
  },
  "tngr.rebreather.enable": {
    "category": "player",
    "sounds": [
      "rebreather_start"
    ]
  },
  "tngr.rebreather.disable": {
    "category": "player",
    "sounds": [
      "rebreather_stop"
    ]
  },
  "unibeam_shoot": {
		"sounds": [
			"unibeam_shoot"
		],
		"category": "player"
	},
	"unibeam_enable": {
		"sounds": [
			"unibeam_charge"
		],
		"category": "player"
	},
    "tngr.dm.a": {
        "category": "player",
        "sounds": [
            "d_m_a"
        ]
    },
    "tngr.dm.d": {
        "category": "player",
        "sounds": [
            "d_m_d"
        ]
    }
}
